frame,keypoint,x,y,z,model,trajectory,reprojection_error
0,nose,104.264,16.136,1194.734,rtmpose.body,3d_xyz,
0,left_eye,36.266,210.116,1123.105,rtmpose.body,3d_xyz,
0,right_eye,-21.242,-70.841,946.71,rtmpose.body,3d_xyz,
0,left_ear,-180.066,-170.669,1227.566,rtmpose.body,3d_xyz,
0,right_ear,-135.072,77.584,1124.353,rtmpose.body,3d_xyz,
0,left_shoulder,-70.42,-192.047,397.034,rtmpose.body,3d_xyz,
0,right_shoulder,172.791,-28.77,678.971,rtmpose.body,3d_xyz,
0,left_elbow,142.97,-74.854,1010.211,rtmpose.body,3d_xyz,
0,right_elbow,-40.804,-231.692,1795.188,rtmpose.body,3d_xyz,
0,left_wrist,-16.234,141.505,1223.629,rtmpose.body,3d_xyz,
0,right_wrist,136.249,-80.853,448.621,rtmpose.body,3d_xyz,
0,left_hip,-100.27,231.108,935.932,rtmpose.body,3d_xyz,
0,right_hip,-101.769,79.955,1637.63,rtmpose.body,3d_xyz,
0,left_knee,11.535,-63.476,1175.132,rtmpose.body,3d_xyz,
0,right_knee,-219.156,72.855,1327.087,rtmpose.body,3d_xyz,
0,left_ankle,-198.546,51.003,621.591,rtmpose.body,3d_xyz,
0,right_ankle,-125.442,83.082,1275.57,rtmpose.body,3d_xyz,
0,left_big_toe,193.165,124.069,1669.326,rtmpose.body,3d_xyz,
0,left_small_toe,53.574,18.812,1192.524,rtmpose.body,3d_xyz,
0,left_heel,33.64,-34.826,1191.644,rtmpose.body,3d_xyz,
0,right_big_toe,-87.437,13.863,525.383,rtmpose.body,3d_xyz,
0,right_small_toe,209.669,125.438,862.602,rtmpose.body,3d_xyz,
0,right_heel,-6.836,30.595,773.063,rtmpose.body,3d_xyz,
0,head_center,-157.56900000000002,-46.542500000000004,1175.9595,rtmpose.body,3d_xyz,
0,neck_center,51.1855,-110.4085,538.0025,rtmpose.body,3d_xyz,
0,trunk_center,-24.917,22.5615,912.39175,rtmpose.body,3d_xyz,
0,hips_center,-101.0195,155.5315,1286.781,rtmpose.body,3d_xyz,
0,nose,100.57145336097585,15.256746378367836,1194.4960780362496,rtmpose.body,rigid_3d_xyz,
0,left_eye,35.9540670631321,209.70456246291707,1123.192781365822,rtmpose.body,rigid_3d_xyz,
0,right_eye,-22.268504540406866,-70.65745498864338,948.442470997862,rtmpose.body,rigid_3d_xyz,
0,left_ear,-180.16664170246096,-171.240624644251,1227.7947268428816,rtmpose.body,rigid_3d_xyz,
0,right_ear,-135.1815703388093,76.99629635779385,1124.6065512204939,rtmpose.body,rigid_3d_xyz,
0,left_shoulder,-70.18355629191262,-191.8882661461637,397.30809216576154,rtmpose.body,rigid_3d_xyz,
0,right_shoulder,172.55455629191263,-28.928733853836306,678.6969078342385,rtmpose.body,rigid_3d_xyz,
0,left_elbow,143.1602420493352,-74.74954554462325,1010.758023034747,rtmpose.body,rigid_3d_xyz,
0,right_elbow,-41.113920989303296,-231.9865304520734,1796.809795862543,rtmpose.body,rigid_3d_xyz,
0,left_wrist,-16.381654359465614,141.70532672443733,1223.8261923662267,rtmpose.body,rigid_3d_xyz,
0,right_wrist,136.03240636181133,-81.03756259645664,450.26739325193967,rtmpose.body,rigid_3d_xyz,
0,left_hip,-100.27,231.108,935.932,rtmpose.body,rigid_3d_xyz,
0,right_hip,-101.769,79.955,1637.63,rtmpose.body,rigid_3d_xyz,
0,left_knee,11.27980018025842,-62.80359909039174,1174.5860155012551,rtmpose.body,rigid_3d_xyz,
0,right_knee,-219.156,72.855,1327.087,rtmpose.body,rigid_3d_xyz,
0,left_ankle,-197.11403184219762,50.2263203642964,625.3649460683145,rtmpose.body,rigid_3d_xyz,
0,right_ankle,-127.83662977910349,82.82067427757974,1276.8863896784906,rtmpose.body,rigid_3d_xyz,
0,left_big_toe,194.55450697112036,124.331901436533,1673.0428052692173,rtmpose.body,rigid_3d_xyz,
0,left_small_toe,54.722167654322334,18.66812034902604,1195.1216257254687,rtmpose.body,rigid_3d_xyz,
0,left_heel,34.64753509976097,-35.197361650321014,1194.116528945825,rtmpose.body,rigid_3d_xyz,
0,right_big_toe,-87.21781642886737,13.488878024432353,521.3058043036871,rtmpose.body,rigid_3d_xyz,
0,right_small_toe,211.44794860319723,125.66263042206295,860.4183604653726,rtmpose.body,rigid_3d_xyz,
0,right_heel,-6.034239696381647,30.24894830967486,769.7246240376923,rtmpose.body,rigid_3d_xyz,
0,head_center,-158.1791067618948,-46.35584496523346,1177.8239957569685,rtmpose.body,rigid_3d_xyz,
0,neck_center,51.18549999999999,-110.4085,538.0025,rtmpose.body,rigid_3d_xyz,
0,trunk_center,-24.917,22.561499999999995,912.39175,rtmpose.body,rigid_3d_xyz,
0,hips_center,-101.0195,155.5315,1286.781,rtmpose.body,rigid_3d_xyz,
0,head,-157.56900000000002,-46.542500000000004,1175.9595,rtmpose.body,segment_center_of_mass,
0,spine,-24.916999999999994,22.561499999999995,912.39175,rtmpose.body,segment_center_of_mass,
0,right_upper_arm,79.66358,-117.24399199999999,1165.6416120000001,rtmpose.body,segment_center_of_mass,
0,left_upper_arm,22.618039999999993,-140.950852,664.3791719999999,rtmpose.body,segment_center_of_mass,
0,right_forearm,79.946146,-128.81980199999998,876.829306,rtmpose.body,segment_center_of_mass,
0,left_forearm,34.39287199999998,72.702838,1155.762076,rtmpose.body,segment_center_of_mass,
0,right_thigh,-152.59757100000002,76.8807,1503.1648810000002,rtmpose.body,segment_center_of_mass,
0,left_thigh,-51.858435,103.553128,1039.5056,rtmpose.body,segment_center_of_mass,
0,right_shank,-178.57783799999999,77.283291,1304.780139,rtmpose.body,segment_center_of_mass,
0,left_shank,-79.430073,-13.906593,935.448747,rtmpose.body,segment_center_of_mass,
0,right_foot,-106.4395,48.4725,900.4765,rtmpose.body,segment_center_of_mass,
0,left_foot,-2.690499999999986,87.536,1145.4585000000002,rtmpose.body,segment_center_of_mass,
0,total_body_center_of_mass,-53.79284770550001,21.941616666999998,1032.772760405,rtmpose.body,total_body_center_of_mass,
0,hand_root,199.703,38.514,1520.95,rtmpose.left_hand,3d_xyz,
0,thumb1,-34.923,-216.915,588.262,rtmpose.left_hand,3d_xyz,
0,thumb2,96.577,54.045,732.869,rtmpose.left_hand,3d_xyz,
0,thumb3,340.559,43.681,1227.418,rtmpose.left_hand,3d_xyz,
0,thumb4,-113.108,179.553,944.184,rtmpose.left_hand,3d_xyz,
0,forefinger1,-49.501,-249.782,1668.746,rtmpose.left_hand,3d_xyz,
0,forefinger2,-91.049,-51.011,1212.774,rtmpose.left_hand,3d_xyz,
0,forefinger3,200.88,-28.971,1807.749,rtmpose.left_hand,3d_xyz,
0,forefinger4,206.631,74.197,763.96,rtmpose.left_hand,3d_xyz,
0,middle_finger1,-257.54,-59.565,1018.837,rtmpose.left_hand,3d_xyz,
0,middle_finger2,84.117,251.127,816.768,rtmpose.left_hand,3d_xyz,
0,middle_finger3,80.209,-283.569,1228.763,rtmpose.left_hand,3d_xyz,
0,middle_finger4,-44.945,231.69,989.548,rtmpose.left_hand,3d_xyz,
0,ring_finger1,73.986,-328.124,432.541,rtmpose.left_hand,3d_xyz,
0,ring_finger2,91.61,-87.779,1345.115,rtmpose.left_hand,3d_xyz,
0,ring_finger3,302.824,34.758,1319.551,rtmpose.left_hand,3d_xyz,
0,ring_finger4,-36.39,19.092,835.21,rtmpose.left_hand,3d_xyz,
0,pinky_finger1,203.231,47.639,1110.668,rtmpose.left_hand,3d_xyz,
0,pinky_finger2,51.5,118.403,1092.018,rtmpose.left_hand,3d_xyz,
0,pinky_finger3,158.141,134.688,1015.981,rtmpose.left_hand,3d_xyz,
0,pinky_finger4,-292.229,-76.839,967.746,rtmpose.left_hand,3d_xyz,
1,nose,99.634,11.524,1195.279,rtmpose.body,3d_xyz,
1,left_eye,38.823,212.005,1124.14,rtmpose.body,3d_xyz,
1,right_eye,-22.507,-68.268,947.558,rtmpose.body,3d_xyz,
1,left_ear,-183.462,-167.874,1231.181,rtmpose.body,3d_xyz,
1,right_ear,-131.743,79.179,1123.74,rtmpose.body,3d_xyz,
1,left_shoulder,-72.878,-189.351,396.078,rtmpose.body,3d_xyz,
1,right_shoulder,170.761,-34.156,678.056,rtmpose.body,3d_xyz,
1,left_elbow,141.906,-74.186,1010.953,rtmpose.body,3d_xyz,
1,right_elbow,-36.074,-233.873,1798.054,rtmpose.body,3d_xyz,
1,left_wrist,-19.148,139.846,1224.968,rtmpose.body,3d_xyz,
1,right_wrist,137.619,-80.367,449.67,rtmpose.body,3d_xyz,
1,left_hip,-96.262,232.389,932.396,rtmpose.body,3d_xyz,
1,right_hip,-105.958,78.409,1639.296,rtmpose.body,3d_xyz,
1,left_knee,11.915,-62.18,1171.791,rtmpose.body,3d_xyz,
1,right_knee,-221.4,73.961,1322.286,rtmpose.body,3d_xyz,
1,left_ankle,-195.6,48.338,624.238,rtmpose.body,3d_xyz,
1,right_ankle,-126.605,87.124,1279.868,rtmpose.body,3d_xyz,
1,left_big_toe,194.094,118.936,1673.206,rtmpose.body,3d_xyz,
1,left_small_toe,54.987,18.485,1194.637,rtmpose.body,3d_xyz,
1,left_heel,32.461,-38.119,1192.707,rtmpose.body,3d_xyz,
1,right_big_toe,-88.63,16.346,524.284,rtmpose.body,3d_xyz,
1,right_small_toe,210.474,127.411,861.359,rtmpose.body,3d_xyz,
1,right_heel,-7.593,29.992,772.537,rtmpose.body,3d_xyz,
1,head_center,-157.6025,-44.3475,1177.4605000000001,rtmpose.body,3d_xyz,
1,neck_center,48.9415,-111.7535,537.067,rtmpose.body,3d_xyz,
1,trunk_center,-26.08425,21.822750000000003,911.4565,rtmpose.body,3d_xyz,
1,hips_center,-101.11,155.399,1285.846,rtmpose.body,3d_xyz,
1,nose,102.23797707775717,12.08958490880395,1195.4593968860756,rtmpose.body,rigid_3d_xyz,
1,left_eye,37.99343434342791,210.9223393257929,1124.3651807196964,rtmpose.body,rigid_3d_xyz,
1,right_eye,-22.505886622611172,-68.26819713779574,947.5561052872223,rtmpose.body,rigid_3d_xyz,
1,left_ear,-183.29868420112547,-167.0938900325065,1230.841723458738,rtmpose.body,rigid_3d_xyz,
1,right_ear,-131.9060202469147,78.40025737754847,1124.0786536488195,rtmpose.body,rigid_3d_xyz,
1,left_shoulder,-73.51279815240355,-189.75535302819065,395.34332399763383,rtmpose.body,rigid_3d_xyz,
1,right_shoulder,171.39391565673557,-33.752835181420366,678.7885250387385,rtmpose.body,rigid_3d_xyz,
1,left_elbow,141.1241565867981,-74.60544871203474,1008.71869930566,rtmpose.body,rigid_3d_xyz,
1,right_elbow,-36.1684755879501,-233.96412960995468,1798.5636848998772,rtmpose.body,rigid_3d_xyz,
1,left_wrist,-18.649267543441567,139.17867324714166,1224.2950787187174,rtmpose.body,rigid_3d_xyz,
1,right_wrist,137.34206933477276,-80.61175731139988,451.81946459298274,rtmpose.body,rigid_3d_xyz,
1,left_hip,-96.30050033205539,231.7775848669668,935.2029188046575,rtmpose.body,rigid_3d_xyz,
1,right_hip,-105.9194996679446,79.02041513303317,1636.4890811953428,rtmpose.body,rigid_3d_xyz,
1,left_knee,12.50593737547203,-63.78522774619492,1173.0829474506013,rtmpose.body,rigid_3d_xyz,
1,right_knee,-220.45971270013268,74.00219573244546,1324.8443641045687,rtmpose.body,rigid_3d_xyz,
1,left_ankle,-195.8146497590949,48.453648905207544,623.6718968064224,rtmpose.body,rigid_3d_xyz,
1,right_ankle,-126.7976144297233,87.09707062401851,1279.9603032682514,rtmpose.body,rigid_3d_xyz,
1,left_big_toe,193.7850576288887,118.88015362500377,1672.3744063572244,rtmpose.body,rigid_3d_xyz,
1,left_small_toe,54.74216883543818,18.514255227064307,1194.079627066954,rtmpose.body,rigid_3d_xyz,
1,left_heel,32.783309235349094,-38.24123451910104,1193.5104377262344,rtmpose.body,rigid_3d_xyz,
1,right_big_toe,-88.63496861526257,16.355210291358205,524.3823730544882,rtmpose.body,rigid_3d_xyz,
1,right_small_toe,210.35250634788065,127.39647791660603,861.5097906356186,rtmpose.body,rigid_3d_xyz,
1,right_heel,-7.622587658322757,30.00617399256064,772.6629470314463,rtmpose.body,rigid_3d_xyz,
1,head_center,-157.60180967223883,-44.3477252917957,1177.458359623242,rtmpose.body,rigid_3d_xyz,
1,neck_center,48.941933946753295,-111.75427260114031,537.0648345420341,rtmpose.body,rigid_3d_xyz,
1,trunk_center,-26.084033026623345,21.822363699429815,911.455417271017,rtmpose.body,rigid_3d_xyz,
1,hips_center,-101.11,155.399,1285.846,rtmpose.body,rigid_3d_xyz,
1,head,-157.6025,-44.3475,1177.4605000000001,rtmpose.body,segment_center_of_mass,
1,spine,-26.084250000000004,21.822750000000013,911.4565,rtmpose.body,segment_center_of_mass,
1,right_upper_arm,80.58094,-121.23261199999999,1166.3751280000001,rtmpose.body,segment_center_of_mass,
1,left_upper_arm,20.76782399999999,-139.13906,664.1635,rtmpose.body,segment_center_of_mass,
1,right_forearm,82.384626,-129.18190800000002,878.456112,rtmpose.body,segment_center_of_mass,
1,left_forearm,32.067172,71.78382400000001,1156.9112300000002,rtmpose.body,segment_center_of_mass,
1,right_thigh,-155.944386,76.483016,1502.03067,rtmpose.body,segment_center_of_mass,
1,left_thigh,-49.421359,104.84062300000001,1036.0540349999999,rtmpose.body,segment_center_of_mass,
1,right_shank,-180.353765,79.660579,1303.919006,rtmpose.body,segment_center_of_mass,
1,left_shank,-77.938995,-14.325705999999997,934.700551,rtmpose.body,segment_center_of_mass,
1,right_foot,-107.6175,51.735,902.076,rtmpose.body,segment_center_of_mass,
1,left_foot,-0.7530000000000143,83.637,1148.722,rtmpose.body,segment_center_of_mass,
1,total_body_center_of_mass,-54.49252989200001,21.83392408050001,1032.0421950085001,rtmpose.body,total_body_center_of_mass,
1,hand_root,198.533,38.646,1519.196,rtmpose.left_hand,3d_xyz,
1,thumb1,-37.629,-221.927,589.139,rtmpose.left_hand,3d_xyz,
1,thumb2,96.112,52.157,735.522,rtmpose.left_hand,3d_xyz,
1,thumb3,337.2,41.413,1226.51,rtmpose.left_hand,3d_xyz,
1,thumb4,-106.024,179.329,944.487,rtmpose.left_hand,3d_xyz,
1,forefinger1,-45.365,-246.968,1673.376,rtmpose.left_hand,3d_xyz,
1,forefinger2,-94.826,-51.624,1214.753,rtmpose.left_hand,3d_xyz,
1,forefinger3,198.809,-29.471,1802.544,rtmpose.left_hand,3d_xyz,
1,forefinger4,206.247,76.899,760.376,rtmpose.left_hand,3d_xyz,
1,middle_finger1,-259.726,-55.529,1024.567,rtmpose.left_hand,3d_xyz,
1,middle_finger2,86.955,247.684,816.81,rtmpose.left_hand,3d_xyz,
1,middle_finger3,82.805,-287.233,1227.64,rtmpose.left_hand,3d_xyz,
1,middle_finger4,-48.464,233.867,986.364,rtmpose.left_hand,3d_xyz,
1,ring_finger1,77.198,-329.988,433.008,rtmpose.left_hand,3d_xyz,
1,ring_finger2,88.908,-88.001,1344.54,rtmpose.left_hand,3d_xyz,
1,ring_finger3,305.082,31.474,1312.639,rtmpose.left_hand,3d_xyz,
1,ring_finger4,-35.655,18.922,833.241,rtmpose.left_hand,3d_xyz,
1,pinky_finger1,206.842,45.963,1111.644,rtmpose.left_hand,3d_xyz,
1,pinky_finger2,54.209,121.433,1095.708,rtmpose.left_hand,3d_xyz,
1,pinky_finger3,152.689,133.418,1012.761,rtmpose.left_hand,3d_xyz,
1,pinky_finger4,-289.597,-71.341,968.045,rtmpose.left_hand,3d_xyz,
2,nose,101.309,9.715,1195.88,rtmpose.body,3d_xyz,
2,left_eye,34.829,211.526,1124.46,rtmpose.body,3d_xyz,
2,right_eye,-23.059,-65.905,946.809,rtmpose.body,3d_xyz,
2,left_ear,-182.98,-168.129,1228.771,rtmpose.body,3d_xyz,
2,right_ear,-134.515,77.788,1123.791,rtmpose.body,3d_xyz,
2,left_shoulder,-73.755,-191.373,392.407,rtmpose.body,3d_xyz,
2,right_shoulder,170.277,-32.372,674.939,rtmpose.body,3d_xyz,
2,left_elbow,141.95,-77.575,1005.66,rtmpose.body,3d_xyz,
2,right_elbow,-34.402,-235.166,1797.069,rtmpose.body,3d_xyz,
2,left_wrist,-17.9,140.735,1223.164,rtmpose.body,3d_xyz,
2,right_wrist,136.282,-82.098,450.509,rtmpose.body,3d_xyz,
2,left_hip,-97.811,227.218,936.265,rtmpose.body,3d_xyz,
2,right_hip,-104.8,78.87,1635.624,rtmpose.body,3d_xyz,
2,left_knee,10.434,-63.727,1174.128,rtmpose.body,3d_xyz,
2,right_knee,-216.297,73.262,1327.643,rtmpose.body,3d_xyz,
2,left_ankle,-197.037,47.109,624.111,rtmpose.body,3d_xyz,
2,right_ankle,-126.203,83.613,1283.461,rtmpose.body,3d_xyz,
2,left_big_toe,196.252,118.651,1666.659,rtmpose.body,3d_xyz,
2,left_small_toe,56.504,19.781,1189.162,rtmpose.body,3d_xyz,
2,left_heel,33.572,-37.618,1193.435,rtmpose.body,3d_xyz,
2,right_big_toe,-89.539,15.273,522.487,rtmpose.body,3d_xyz,
2,right_small_toe,211.596,131.677,860.101,rtmpose.body,3d_xyz,
2,right_heel,-8.419,28.022,773.815,rtmpose.body,3d_xyz,
2,head_center,-158.7475,-45.1705,1176.281,rtmpose.body,3d_xyz,
2,neck_center,48.260999999999996,-111.8725,533.673,rtmpose.body,3d_xyz,
2,trunk_center,-26.522250000000003,20.585749999999997,909.8087499999999,rtmpose.body,3d_xyz,
2,hips_center,-101.3055,153.04399999999998,1285.9445,rtmpose.body,3d_xyz,
2,nose,101.27674842959556,9.708196415456065,1195.877588431993,rtmpose.body,rigid_3d_xyz,
2,left_eye,34.97719870475436,211.72246131840961,1124.4202218713488,rtmpose.body,rigid_3d_xyz,
2,right_eye,-22.967236659878438,-65.91902775536727,946.6537667200398,rtmpose.body,rigid_3d_xyz,
2,left_ear,-183.06493371389655,-168.5608799468099,1228.954816132654,rtmpose.body,rigid_3d_xyz,
2,right_ear,-134.4485871826149,78.1242725172638,1123.6470196310602,rtmpose.body,rigid_3d_xyz,
2,left_shoulder,-72.80142242237272,-190.74325124488365,393.53256844779617,rtmpose.body,rigid_3d_xyz,
2,right_shoulder,171.2430123615893,-31.751072633900733,676.035745189329,rtmpose.body,rigid_3d_xyz,
2,left_elbow,142.42803833065383,-77.3230865956654,1007.0226004066744,rtmpose.body,rigid_3d_xyz,
2,right_elbow,-34.14716487033178,-234.91392838981847,1795.6798165154535,rtmpose.body,rigid_3d_xyz,
2,left_wrist,-16.377889413825017,138.66481611036863,1221.112012613033,rtmpose.body,rigid_3d_xyz,
2,right_wrist,136.53168815087923,-81.87411621453657,448.53825036892613,rtmpose.body,rigid_3d_xyz,
2,left_hip,-97.79711350621108,227.5127536958935,934.8754386307439,rtmpose.body,rigid_3d_xyz,
2,right_hip,-104.81388649378893,78.57524630410643,1637.0135613692564,rtmpose.body,rigid_3d_xyz,
2,left_knee,11.137914547126115,-65.62116788469243,1175.6840530879629,rtmpose.body,rigid_3d_xyz,
2,right_knee,-217.3740982750556,73.21066587190553,1324.6540047385317,rtmpose.body,rigid_3d_xyz,
2,left_ankle,-196.33371020702117,46.728156916160785,625.9744123096091,rtmpose.body,rigid_3d_xyz,
2,right_ankle,-122.48757651677485,84.03691807525753,1281.782294137662,rtmpose.body,rigid_3d_xyz,
2,left_big_toe,198.48991312466927,119.06099218849808,1672.5913649253694,rtmpose.body,rigid_3d_xyz,
2,left_small_toe,58.878885013208276,19.527887443900823,1194.451977355576,rtmpose.body,rigid_3d_xyz,
2,left_heel,34.32508581700628,-37.89428671960931,1195.293790370691,rtmpose.body,rigid_3d_xyz,
2,right_big_toe,-89.68031622978921,15.567927996145215,525.7436125644183,rtmpose.body,rigid_3d_xyz,
2,right_small_toe,210.84988380003378,131.5706043571421,861.042750109536,rtmpose.body,rigid_3d_xyz,
2,right_heel,-8.287487605843637,27.95741905922297,773.2293523392234,rtmpose.body,rigid_3d_xyz,
2,head_center,-158.79588690828075,-45.15505954076026,1176.4310052412434,rtmpose.body,rigid_3d_xyz,
2,neck_center,47.81699843939025,-111.08607162579003,535.9061853724079,rtmpose.body,rigid_3d_xyz,
2,trunk_center,-26.744250780304895,20.978964187104992,910.925342686204,rtmpose.body,rigid_3d_xyz,
2,hips_center,-101.3055,153.04399999999998,1285.9445,rtmpose.body,rigid_3d_xyz,
2,head,-158.7475,-45.170500000000004,1176.281,rtmpose.body,segment_center_of_mass,
2,spine,-26.52225,20.58574999999999,909.80875,rtmpose.body,segment_center_of_mass,
2,right_upper_arm,81.036956,-120.790184,1164.18768,rtmpose.body,segment_center_of_mass,
2,left_upper_arm,20.292379999999994,-141.757072,659.785308,rtmpose.body,segment_center_of_mass,
2,right_forearm,82.00448800000002,-130.77362399999998,878.71508,rtmpose.body,segment_center_of_mass,
2,left_forearm,32.932299999999984,71.31242000000002,1153.997728,rtmpose.body,segment_center_of_mass,
2,right_thigh,-153.078201,76.441736,1502.268227,rtmpose.body,segment_center_of_mass,
2,left_thigh,-50.940915000000004,101.23881499999999,1039.259679,rtmpose.body,segment_center_of_mass,
2,right_shank,-177.286298,77.743983,1308.512194,rtmpose.body,segment_center_of_mass,
2,left_shank,-79.400943,-15.735011999999998,935.9706389999999,rtmpose.body,segment_center_of_mass,
2,right_foot,-107.87100000000001,49.443,902.9739999999999,rtmpose.body,segment_center_of_mass,
2,left_foot,-0.3925000000000125,82.88,1145.3850000000002,rtmpose.body,segment_center_of_mass,
2,total_body_center_of_mass,-54.581964062500006,20.4829933455,1031.4670830245,rtmpose.body,total_body_center_of_mass,
2,hand_root,196.613,41.08,1521.428,rtmpose.left_hand,3d_xyz,
2,thumb1,-39.386,-215.127,588.34,rtmpose.left_hand,3d_xyz,
2,thumb2,99.741,53.013,735.071,rtmpose.left_hand,3d_xyz,
2,thumb3,341.645,43.878,1229.009,rtmpose.left_hand,3d_xyz,
2,thumb4,-108.577,179.492,944.998,rtmpose.left_hand,3d_xyz,
2,forefinger1,-49.527,-249.862,1671.284,rtmpose.left_hand,3d_xyz,
2,forefinger2,-96.039,-51.163,1214.163,rtmpose.left_hand,3d_xyz,
2,forefinger3,202.119,-31.676,1808.214,rtmpose.left_hand,3d_xyz,
2,forefinger4,204.472,77.589,764.681,rtmpose.left_hand,3d_xyz,
2,middle_finger1,-257.459,-54.919,1022.038,rtmpose.left_hand,3d_xyz,
2,middle_finger2,89.055,246.899,811.63,rtmpose.left_hand,3d_xyz,
2,middle_finger3,81.192,-288.181,1227.221,rtmpose.left_hand,3d_xyz,
2,middle_finger4,-45.997,231.881,985.765,rtmpose.left_hand,3d_xyz,
2,ring_finger1,78.145,-322.729,435.095,rtmpose.left_hand,3d_xyz,
2,ring_finger2,87.659,-86.122,1343.212,rtmpose.left_hand,3d_xyz,
2,ring_finger3,306.843,34.821,1314.34,rtmpose.left_hand,3d_xyz,
2,ring_finger4,-35.085,21.486,835.471,rtmpose.left_hand,3d_xyz,
2,pinky_finger1,204.995,49.579,1113.177,rtmpose.left_hand,3d_xyz,
2,pinky_finger2,53.18,119.429,1096.236,rtmpose.left_hand,3d_xyz,
2,pinky_finger3,158.196,127.686,1014.983,rtmpose.left_hand,3d_xyz,
2,pinky_finger4,-287.07,-78.746,967.661,rtmpose.left_hand,3d_xyz,
