frame,timestamp,timestamp_by_camera,model,keypoint,x,y,z,reprojection_error
0,,{},mediapipe_body,nose,-184.764,-651.999,1637.523,4.11
0,,{},mediapipe_body,left_eye_inner,-152.972,-697.552,1534.891,4.974
0,,{},mediapipe_body,left_eye,-193.608,-615.812,1599.16,17.282
0,,{},mediapipe_body,left_eye_outer,-242.652,-556.03,1638.89,7.351
0,,{},mediapipe_body,right_eye_inner,-196.698,-543.638,1623.375,1.524
0,,{},mediapipe_body,right_eye,-242.965,-581.562,1552.056,7.991
0,,{},mediapipe_body,right_eye_outer,-156.077,-602.496,1590.757,9.203
0,,{},mediapipe_body,left_ear,-234.046,-538.873,1592.274,5.508
0,,{},mediapipe_body,right_ear,-221.416,-617.607,1626.615,3.527
0,,{},mediapipe_body,mouth_left,-181.728,-579.363,1621.541,31.006
0,,{},mediapipe_body,mouth_right,-92.918,-620.321,1574.388,15.002
0,,{},mediapipe_body,left_shoulder,-240.689,-569.201,1656.449,15.909
0,,{},mediapipe_body,right_shoulder,-205.697,-642.008,1558.776,7.363
0,,{},mediapipe_com,full_body,-195.86384615384617,-601.2663076923077,1600.5149999999999,
0,,{},mediapipe_com,head,-190.8949090909091,-600.4775454545454,1599.2245454545453,
0,,{},mediapipe_com,trunk,-223.19299999999998,-605.6045,1607.6125000000002,
0,,{},mediapipe_hand,right_0000,-167.47,-562.837,1627.158,4.781
0,,{},mediapipe_hand,left_0000,-233.275,-588.392,1605.834,8.533
0,,{},mediapipe_face,0000,-189.066,-556.429,1611.18,6.175
1,,{},mediapipe_body,nose,-166.054,-596.621,1614.456,3.848
1,,{},mediapipe_body,left_eye_inner,-168.436,-672.858,1584.016,10.405
1,,{},mediapipe_body,left_eye,-223.519,-631.944,1586.243,5.558
1,,{},mediapipe_body,left_eye_outer,-125.253,-643.292,1648.414,4.524
1,,{},mediapipe_body,right_eye_inner,-284.143,-616.744,1608.138,2.228
1,,{},mediapipe_body,right_eye,-170.689,-564.439,1639.667,0.613
1,,{},mediapipe_body,right_eye_outer,-217.436,-623.118,1642.899,20.145
1,,{},mediapipe_body,left_ear,-209.565,-663.784,1543.336,19.748
1,,{},mediapipe_body,right_ear,-245.973,-575.142,1607.121,14.474
1,,{},mediapipe_body,mouth_left,-165.476,-621.363,1607.927,12.194
1,,{},mediapipe_body,mouth_right,-168.72,-615.467,1622.839,5.138
1,,{},mediapipe_body,left_shoulder,-233.096,-618.153,1580.913,12.548
1,,{},mediapipe_body,right_shoulder,-259.792,-575.651,1576.53,2.984
1,,{},mediapipe_com,full_body,-202.9347692307692,-616.8135384615384,1604.807615384615,
1,,{},mediapipe_com,head,-195.02399999999997,-620.4338181818181,1609.5505454545453,
1,,{},mediapipe_com,trunk,-246.444,-596.902,1578.7215,
1,,{},mediapipe_hand,right_0000,-199.375,-575.963,1622.327,8.904
1,,{},mediapipe_hand,left_0000,-166.731,-604.924,1578.835,8.485
1,,{},mediapipe_face,0000,-203.986,-684.367,1527.644,11.004
2,,{},mediapipe_body,nose,-266.135,-649.862,1619.989,5.468
2,,{},mediapipe_body,left_eye_inner,-245.274,-618.908,1664.961,5.553
2,,{},mediapipe_body,left_eye,-217.813,-563.124,1553.319,10.952
2,,{},mediapipe_body,left_eye_outer,-210.272,-647.501,1583.048,28.109
2,,{},mediapipe_body,right_eye_inner,-157.985,-686.366,1621.721,19.753
2,,{},mediapipe_body,right_eye,-188.113,-629.707,1527.697,14.887
2,,{},mediapipe_body,right_eye_outer,-196.394,-626.475,1611.634,20.659
2,,{},mediapipe_body,left_ear,-198.907,-519.911,1588.032,11.964
2,,{},mediapipe_body,right_ear,-251.175,-591.036,1611.0,6.608
2,,{},mediapipe_body,mouth_left,-132.041,-558.244,1617.844,32.677
2,,{},mediapipe_body,mouth_right,-126.835,-659.438,1568.012,11.345
2,,{},mediapipe_body,left_shoulder,-246.329,-619.49,1531.166,18.073
2,,{},mediapipe_body,right_shoulder,-168.242,-611.111,1526.46,0.474
2,,{},mediapipe_com,full_body,-200.4242307692308,-613.9363846153846,1586.5294615384614,
2,,{},mediapipe_com,head,-199.17672727272728,-613.6883636363636,1597.0233636363635,
2,,{},mediapipe_com,trunk,-207.2855,-615.3005,1528.813,
2,,{},mediapipe_hand,right_0000,-250.779,-584.324,1641.906,0.648
2,,{},mediapipe_hand,left_0000,-100.163,-454.307,1620.72,3.834
2,,{},mediapipe_face,0000,-249.477,-706.602,1613.386,3.765
